,Mean Accuracy,Std Accuracy
Hann,65.08534299153726,4.528986440108328
Hamming,63.80206467979425,3.897034832529911
Rectangular,63.84762004470012,4.166480455144059
